{
  "games": [
    {
      "name": "Question mark",
      "rows": [[6],[2,2],[2,2],[2],[3],[4],[2],[0],[2],[2]],
      "columns": [[0],[2],[3],[1],[1,2,2],[1,2,2],[1,2],[6],[4],[0]]
    },
    {
      "name": "Corn",
      "rows": [[3], [1, 3, 1], [2, 1, 1, 2], [1, 1, 1, 3], [2, 1, 1, 1], [1, 1, 1, 1], [2, 1, 1], [6], [8], [3, 2]],
      "columns": [[2, 3], [8], [1, 4], [1, 1, 2], [1, 1, 3], [1, 1, 1, 2], [3, 1, 1, 1], [2, 1, 1, 2], [1, 3, 1], [3]]
    },
    {
      "name": "TV",
      "rows": [[1, 1], [1, 1], [10], [1, 2, 2], [3, 1], [1, 1, 1], [3, 1], [4, 2], [10], [1, 1]],
      "columns": [[7], [1, 1, 4], [1, 7], [3, 2], [1, 1], [1, 1], [2, 1], [1, 1, 1], [2, 3], [7]]
    },
    {
      "name": "Dog",
      "rows": [[1], [1], [3], [5], [6, 1], [4, 1], [5, 1], [7], [1, 4], [6]],
      "columns": [[2], [2], [3], [8, 1], [8], [4, 1], [5], [4], [1, 3], [4]]
    }
  ]
}
