{
    "games": [
      {
        "name": "Squirrel",
        "rows": [[2, 1], [1, 3], [1, 2], [3], [4], [1]],
        "columns": [[1], [5], [2], [5], [2, 1], [2]]
      },
      {
        "name": "Cat",
        "rows": [[1, 1], [3], [3], [4], [6], [5], [1, 1, 3], [6]],
        "columns": [[3, 1], [4, 1], [8], [3, 1], [5], [4], [4]]
      },
      {
        "name": "Lamp",
        "rows": [[2], [6], [6], [2], [2, 4], [2, 1], [6, 1], [10]],
        "columns": [[1], [2, 2], [2, 2], [8], [8], [2, 2], [2, 1, 2], [1, 1], [1, 1], [4]]
      }
    ]
  }
  