{
    "games": [
      {
        "name": "Dog",
        "rows": [[2], [1, 2], [4], [1, 1], [1, 1]],
        "columns": [[2], [3], [1], [5], [2]]
      },
      {
        "name": "Chicken",
        "rows": [[1], [2, 2], [3], [3], [1]],
        "columns": [[1], [4], [3], [3], [1]]
      },
      {
        "name": "Sand clock",
        "rows": [[5], [3], [1], [1, 1], [5]],
        "columns": [[1, 1], [2, 2], [3, 1], [2, 2], [1, 1]]
      },
      {
        "name": "Clock",
        "rows": [[3], [1, 1, 1], [1, 3], [1, 1], [3]],
        "columns": [[3], [1, 1], [3, 1], [1, 1, 1], [3]]
      }
    ]
  }
  