{
    "games": [
      {
        "name": "Mushroom",
        "rows": [[7], [11], [9, 3], [11, 3], [11, 3], [11, 3], [13], [1, 1], [2, 2], [1, 1], [2, 2], [1, 1], [1, 1], [2, 2], [7]],
        "columns": [[3], [5], [6], [6, 4], [7, 3, 2], [9, 1], [7, 1], [7, 1], [7, 1], [9, 1], [2, 4, 3, 2], [2, 1, 4], [6], [5], [3]]
      },
      {
        "name": "Dinosaur",
        "rows": [[2], [2, 4], [2, 4], [2, 2], [2, 3], [2, 2], [2, 4, 2], [2, 6, 2], [3, 10], [14], [14], [12], [11], [3, 2], [2, 3]],
        "columns": [[7, 2], [12], [2, 6], [2, 4], [1, 5], [6], [7], [7], [7], [7], [8], [4, 7], [12, 1], [3, 7], [2]]
      },
      {
        "name": "Name_3",
        "rows": [[3], [5], [7], [7], [7], [5], [7], [9], [11], [13], [3, 9], [2, 8], [2, 1, 8], [2, 1, 8], [3, 8], [13], [11], [9], [7], [5]],
        "columns": [[7], [9], [4, 4], [3, 4, 2, 4], [10, 5], [20], [20], [20], [19], [3, 13], [11], [9], [7]]
      },
      {
        "name": "Name_4",
        "rows": [[1], [1], [1], [1], [1], [1, 3], [5], [1, 1], [1, 1], [5], [1, 3], [3, 1], [3, 1], [3, 1], [3, 1], [3, 1], [3, 1], [2, 5], [1, 5, 3], [2, 3, 4], [4, 3, 1], [11]],
        "columns": [[2], [4], [1, 2], [14, 2], [5, 1, 1, 6, 2, 1], [2, 8, 2, 1], [2, 2, 3, 1], [14, 2], [1, 2], [5], [3, 1], [2, 1], [2]]
      },
      {
        "name": "Name_5",
        "rows": [[2], [4], [6], [6], [8], [8], [10], [1, 1, 2, 1, 1], [1, 1, 1, 1], [10], [1, 4, 1], [1, 2, 1], [4], [2], [2], [2], [2], [2], [2], [2], [2], [2], [6], [6]],
        "columns": [[4], [3, 2], [6, 1, 1, 2], [6, 3, 1, 2], [8, 16], [8, 16], [6, 3, 1, 2], [6, 1, 1, 2], [3, 2], [4]]
      }
    ]
  }
  